{
  "rulesDirectory": [
      "node_modules/codelyzer"
  ],
  "rules": {
      "component-selector": [true, "element", ["esb-mars","esb-common"], "kebab-case"],
      "directive-selector": [true, "attribute",["esb-mars","esb-common"], "kebab-case"],
      "component-class-suffix": [
          true,
          "Component"
      ],
      "directive-class-suffix": [
          true,
          "Directive"
      ],
      "use-life-cycle-interface": true,
      "contextual-life-cycle": true,
      "use-input-property-decorator": true,
      "use-output-property-decorator": true,
      "use-pipe-transform-interface": true,
      "decorator-not-allowed": true,
      "class-name": true,
      "comment-format": [
          false,
          "check-space"
      ],
      "curly": true,
      "eofline": false,
      "forin": true,
      "indent": [
          true,
          "spaces"
      ],
      "label-position": true,
      "max-line-length": [
          true,
          250
      ],
      "member-access": false,
      "member-ordering": [
          true,
          {
              "order": "fields-first"
          }
      ],
      "no-arg": true,
      "no-bitwise": true,
      "no-console": [
          true,
          "debug",
          "info",
          "time",
          "timeEnd",
          "trace"
      ],
      "no-construct": true,
      "no-debugger": true,
      "no-duplicate-variable": true,
      "no-empty": false,
      "no-eval": true,
      "no-inferrable-types": false,
      "no-shadowed-variable": true,
      "no-string-literal": false,
      "no-switch-case-fall-through": false,
      "no-trailing-whitespace": false,
      "no-unused-expression": true,
      "no-unused-variable": true,
      "no-use-before-declare": true,
      "no-var-keyword": true,
      "object-literal-sort-keys": false,
      "one-line": [
          true,
          "check-open-brace",
          "check-catch",
          "check-else"
      ],
      "quotemark": [
          true,
          "single"
      ],
      "radix": true,
      "semicolon": [
          true,
          "always"
      ],
      "triple-equals": [
          true,
          "allow-null-check"
      ],
      "typedef-whitespace": [
          false,
          {
              "call-signature": "nospace",
              "index-signature": "nospace",
              "parameter": "nospace",
              "property-declaration": "nospace",
              "variable-declaration": "nospace"
          }
      ],
      "variable-name": [
          true,
          "allow-pascal-case",
          "check-format"
      ],
      "whitespace": [
          false,
          "check-branch",
          "check-decl",
          "check-operator",
          "check-separator",
          "check-type"
      ]

  }
}
