{"__symbolic":"module","version":4,"metadata":{"FullCalendarModule":{"__symbolic":"class","decorators":[{"__symbolic":"call","expression":{"__symbolic":"reference","module":"@angular/core","name":"NgModule","line":3,"character":1},"arguments":[{"declarations":[{"__symbolic":"reference","name":"CalendarComponent"}],"exports":[{"__symbolic":"reference","name":"CalendarComponent"}]}]}],"members":{}},"CalendarComponent":{"__symbolic":"class","decorators":[{"__symbolic":"call","expression":{"__symbolic":"reference","module":"@angular/core","name":"Component","line":8,"character":1},"arguments":[{"selector":"ng-fullcalendar","template":""}]}],"members":{"eventsModel":[{"__symbolic":"property","decorators":[{"__symbolic":"call","expression":{"__symbolic":"reference","module":"@angular/core","name":"Input","line":19,"character":5},"arguments":["eventsModel"]}]}],"eventsModelChange":[{"__symbolic":"property","decorators":[{"__symbolic":"call","expression":{"__symbolic":"reference","module":"@angular/core","name":"Output","line":31,"character":5}}]}],"options":[{"__symbolic":"property","decorators":[{"__symbolic":"call","expression":{"__symbolic":"reference","module":"@angular/core","name":"Input","line":34,"character":5}}]}],"eventDrop":[{"__symbolic":"property","decorators":[{"__symbolic":"call","expression":{"__symbolic":"reference","module":"@angular/core","name":"Output","line":37,"character":5}}]}],"eventResize":[{"__symbolic":"property","decorators":[{"__symbolic":"call","expression":{"__symbolic":"reference","module":"@angular/core","name":"Output","line":38,"character":5}}]}],"eventResizeStart":[{"__symbolic":"property","decorators":[{"__symbolic":"call","expression":{"__symbolic":"reference","module":"@angular/core","name":"Output","line":39,"character":5}}]}],"eventResizeStop":[{"__symbolic":"property","decorators":[{"__symbolic":"call","expression":{"__symbolic":"reference","module":"@angular/core","name":"Output","line":40,"character":5}}]}],"eventClick":[{"__symbolic":"property","decorators":[{"__symbolic":"call","expression":{"__symbolic":"reference","module":"@angular/core","name":"Output","line":41,"character":5}}]}],"clickButton":[{"__symbolic":"property","decorators":[{"__symbolic":"call","expression":{"__symbolic":"reference","module":"@angular/core","name":"Output","line":42,"character":5}}]}],"windowResize":[{"__symbolic":"property","decorators":[{"__symbolic":"call","expression":{"__symbolic":"reference","module":"@angular/core","name":"Output","line":43,"character":5}}]}],"viewRender":[{"__symbolic":"property","decorators":[{"__symbolic":"call","expression":{"__symbolic":"reference","module":"@angular/core","name":"Output","line":44,"character":5}}]}],"eventAfterRender":[{"__symbolic":"property","decorators":[{"__symbolic":"call","expression":{"__symbolic":"reference","module":"@angular/core","name":"Output","line":45,"character":5}}]}],"eventAfterAllRender":[{"__symbolic":"property","decorators":[{"__symbolic":"call","expression":{"__symbolic":"reference","module":"@angular/core","name":"Output","line":46,"character":5}}]}],"viewDestroy":[{"__symbolic":"property","decorators":[{"__symbolic":"call","expression":{"__symbolic":"reference","module":"@angular/core","name":"Output","line":47,"character":5}}]}],"eventRender":[{"__symbolic":"property","decorators":[{"__symbolic":"call","expression":{"__symbolic":"reference","module":"@angular/core","name":"Output","line":48,"character":5}}]}],"eventDestroy":[{"__symbolic":"property","decorators":[{"__symbolic":"call","expression":{"__symbolic":"reference","module":"@angular/core","name":"Output","line":49,"character":5}}]}],"eventMouseOver":[{"__symbolic":"property","decorators":[{"__symbolic":"call","expression":{"__symbolic":"reference","module":"@angular/core","name":"Output","line":50,"character":5}}]}],"eventMouseOut":[{"__symbolic":"property","decorators":[{"__symbolic":"call","expression":{"__symbolic":"reference","module":"@angular/core","name":"Output","line":51,"character":5}}]}],"initialized":[{"__symbolic":"property","decorators":[{"__symbolic":"call","expression":{"__symbolic":"reference","module":"@angular/core","name":"Output","line":52,"character":5}}]}],"select":[{"__symbolic":"property","decorators":[{"__symbolic":"call","expression":{"__symbolic":"reference","module":"@angular/core","name":"Output","line":53,"character":5}}]}],"unselect":[{"__symbolic":"property","decorators":[{"__symbolic":"call","expression":{"__symbolic":"reference","module":"@angular/core","name":"Output","line":54,"character":5}}]}],"dayClick":[{"__symbolic":"property","decorators":[{"__symbolic":"call","expression":{"__symbolic":"reference","module":"@angular/core","name":"Output","line":55,"character":5}}]}],"navLinkDayClick":[{"__symbolic":"property","decorators":[{"__symbolic":"call","expression":{"__symbolic":"reference","module":"@angular/core","name":"Output","line":56,"character":5}}]}],"navLinkWeekClick":[{"__symbolic":"property","decorators":[{"__symbolic":"call","expression":{"__symbolic":"reference","module":"@angular/core","name":"Output","line":57,"character":5}}]}],"eventDragStart":[{"__symbolic":"property","decorators":[{"__symbolic":"call","expression":{"__symbolic":"reference","module":"@angular/core","name":"Output","line":58,"character":5}}]}],"eventDragStop":[{"__symbolic":"property","decorators":[{"__symbolic":"call","expression":{"__symbolic":"reference","module":"@angular/core","name":"Output","line":59,"character":5}}]}],"drop":[{"__symbolic":"property","decorators":[{"__symbolic":"call","expression":{"__symbolic":"reference","module":"@angular/core","name":"Output","line":60,"character":5}}]}],"eventReceive":[{"__symbolic":"property","decorators":[{"__symbolic":"call","expression":{"__symbolic":"reference","module":"@angular/core","name":"Output","line":61,"character":5}}]}],"dayRender":[{"__symbolic":"property","decorators":[{"__symbolic":"call","expression":{"__symbolic":"reference","module":"@angular/core","name":"Output","line":62,"character":5}}]}],"resourceRender":[{"__symbolic":"property","decorators":[{"__symbolic":"call","expression":{"__symbolic":"reference","module":"@angular/core","name":"Output","line":63,"character":5}}]}],"__ctor__":[{"__symbolic":"constructor","parameters":[{"__symbolic":"reference","module":"@angular/core","name":"ElementRef","line":66,"character":33},{"__symbolic":"reference","module":"@angular/core","name":"NgZone","line":66,"character":59}]}],"ngOnInit":[{"__symbolic":"method"}],"ngAfterViewInit":[{"__symbolic":"method"}],"ngAfterContentChecked":[{"__symbolic":"method"}],"ngAfterViewChecked":[{"__symbolic":"method"}],"updateEventsBeforeResize":[{"__symbolic":"method"}],"updaterOptions":[{"__symbolic":"method"}],"fullCalendar":[{"__symbolic":"method"}],"updateEvent":[{"__symbolic":"method"}],"clientEvents":[{"__symbolic":"method"}],"renderEvents":[{"__symbolic":"method"}]}},"ButtonClickModel":{"__symbolic":"class","members":{}},"UpdateEventModel":{"__symbolic":"class","members":{}}},"origins":{"FullCalendarModule":"./src/module","CalendarComponent":"./src/calendar.component","ButtonClickModel":"./src/models/buttonClickModel","UpdateEventModel":"./src/models/updateEventModel"},"importAs":"ng-fullcalendar"}